{
	"info": {
		"_postman_id": "e6e56aef-8d56-437c-8b11-83aabcd75f04",
		"name": "LoginRegistrationAPI",
		"schema": "https://schema.getpostman.com/json/collection/v2.1.0/collection.json",
		"_exporter_id": "23362581"
	},
	"item": [
		{
			"name": "CreateProfile",
			"request": {
				"method": "POST",
				"header": [],
				"body": {
					"mode": "raw",
					"raw": "{\r\n    \"FirstName\": \"Rahul\",\r\n    \"LastName\": \"Uddin\",\r\n    \"EmailAddress\": \"rahul@gmail.com\",\r\n    \"MobileNumber\": \"+8801792344333\",\r\n    \"UserName\": \"rahul\",\r\n    \"Password\": \"*&JSJA88y8\"\r\n  }",
					"options": {
						"raw": {
							"language": "json"
						}
					}
				},
				"url": {
					"raw": "{{BASE_URL}}/CreateProfile",
					"host": [
						"{{BASE_URL}}"
					],
					"path": [
						"CreateProfile"
					]
				}
			},
			"response": []
		},
		{
			"name": "LoginProfile",
			"request": {
				"method": "POST",
				"header": [],
				"body": {
					"mode": "raw",
					"raw": "{\r\n    \"UserName\": \"rahul\",\r\n    \"Password\": \"DTH&*ddhd\"\r\n}",
					"options": {
						"raw": {
							"language": "json"
						}
					}
				},
				"url": {
					"raw": "{{BASE_URL}}/LoginProfile",
					"host": [
						"{{BASE_URL}}"
					],
					"path": [
						"LoginProfile"
					]
				}
			},
			"response": []
		},
		{
			"name": "ChangePassword",
			"request": {
				"method": "POST",
				"header": [],
				"body": {
					"mode": "raw",
					"raw": "{\r\n    \"EmailAddress\": \"pinak@gmail.com\",\r\n    \"OldPassword\": \"1478956\",\r\n    \"NewPassword\": \"&^UHUHEWUHEU\"\r\n}",
					"options": {
						"raw": {
							"language": "json"
						}
					}
				},
				"url": {
					"raw": "{{BASE_URL}}/ChangePassword",
					"host": [
						"{{BASE_URL}}"
					],
					"path": [
						"ChangePassword"
					]
				}
			},
			"response": []
		}
	],
	"event": [
		{
			"listen": "prerequest",
			"script": {
				"type": "text/javascript",
				"exec": [
					""
				]
			}
		},
		{
			"listen": "test",
			"script": {
				"type": "text/javascript",
				"exec": [
					""
				]
			}
		}
	],
	"variable": [
		{
			"key": "BASE_URL",
			"value": "http://localhost:5050/api/v1",
			"type": "string"
		}
	]
}