[{
  "_id": {
    "$oid": "63787deac3e472226bce98e5"
  },
  "FirstName": "Hasan",
  "LastName": "Ali",
  "EmailAddress": "hasan@gmail.com",
  "MobileNumber": "+8801732244333",
  "UserName": "hasan",
  "Password": "838dH*#hhh"
},{
  "_id": {
    "$oid": "63787ee7c3e472226bce98e9"
  },
  "FirstName": "Pinak",
  "LastName": "Ray",
  "EmailAddress": "pinak@gmail.com",
  "MobileNumber": "+8801737744333",
  "UserName": "pinak",
  "Password": "&^UHUHEWUHEU"
},{
  "_id": {
    "$oid": "63787f09c3e472226bce98eb"
  },
  "FirstName": "Rahul",
  "LastName": "Uddin",
  "EmailAddress": "rahul@gmail.com",
  "MobileNumber": "+8801792344333",
  "UserName": "rahul",
  "Password": "DTH&*ddhd"
}]