[{
  "_id": {
    "$oid": "63788901e825c5ecb0240273"
  },
  "FirstName": "Micle",
  "LastName": "Jackson",
  "MobileNumber": "+8801723993321",
  "EmailAddress": "jackson2014@gmail.com",
  "Joining": {
    "$date": {
      "$numberLong": "1668843777697"
    }
  },
  "UserName": "jackson234",
  "Password": "834834"
},{
  "_id": {
    "$oid": "63788959e825c5ecb0240277"
  },
  "FirstName": "Joe",
  "LastName": "Biden",
  "MobileNumber": "+8801945993222",
  "EmailAddress": "joe_white_house@gmail.com",
  "Joining": {
    "$date": {
      "$numberLong": "1668843865508"
    }
  },
  "UserName": "joe_president",
  "Password": "white#joe@president"
},{
  "_id": {
    "$oid": "637b8c3a02a12e2d68fd5e46"
  },
  "FirstName": "Rio",
  "LastName": "Real",
  "MobileNumber": "+88019459931111",
  "EmailAddress": "rio_south@gmail.com",
  "Joining": {
    "$date": {
      "$numberLong": "1669041210128"
    }
  },
  "UserName": "rio",
  "Password": "123456"
}]